"Index","sp500","citigroup","microsoft","apple","dowchemical","yahoo"
2015-01-05,-0.0277431512523245,-0.0320222014597791,-0.00923836573911885,-0.0285760376366246,-0.0314161914754294,-0.0209473320969811
2015-01-06,-0.00533042133337247,-0.0358391428721783,-0.0147861081166778,9.41333967823255e-05,-0.0162011345456254,0.00162696802209483
2015-01-07,0.0100815420804512,0.00922744844904466,0.0126252977927011,0.013924787964962,-0.00161160273961158,-0.012679086139002
2015-01-08,0.0165076411871379,0.0149358020256569,0.0289937263943978,0.0377025087282785,0.0245801707446041,0.0331947093441416
2015-01-09,-0.00141055665362089,-0.0225866361391156,-0.0084406838290163,0.00107193183702581,-0.00157497956806862,-0.0102051710068123
2015-01-12,-0.0194052804069864,-0.0079082484921309,-0.0125814578033641,-0.0249493449537157,-0.00587170352470867,-0.0186769943878433
2015-01-13,-0.0036599867356264,-0.00717136455246559,-0.00516349344571454,0.00883954579127977,-0.0123064503565793,-0.0102987524127047
2015-01-14,-0.00289308521730192,-0.0195827600423928,-0.00866557773015186,-0.00381782268447761,-0.00413605353026991,-0.0164913668521649
2015-01-15,-0.00872975615475458,-0.0378109102535231,-0.010498794400041,-0.0275153822871941,-0.00276685399550614,-0.0273112351022942
2015-01-16,0.0239905273823373,0.00801357268199654,0.0165726157066581,-0.00780043910300154,0.0336013139351494,0.00517802661601241
2015-01-20,-0.000329366042029378,-0.00737859743770519,0.00323864160293574,0.0254310453108531,-0.0148450699175902,0.0246558711917935
2015-01-21,0.00852657460939721,0.0101054047619855,-0.010183197486676,0.00760531941273257,0.0137281608110307,0.0114811613787853
2015-01-22,0.0108261384149166,0.0376161526361352,0.0260090509880406,0.0256828543903378,0.0137626763885152,0.0146288589497483
2015-01-23,-0.0215507164126718,-0.0193508517072809,0.00106032326428895,0.00514689380978783,-0.0175696942777703,0.00122653326905464
2015-01-26,0.00952651199762045,0.00553792262788289,-0.00360977240337057,0.00106152172448493,-0.000224360220629105,0.00996040351736971
2015-01-27,-0.00886661781239617,-0.0119342695894855,-0.0970985924896164,-0.0356409142177041,-0.00879083307899631,-0.0297670953773954
2015-01-28,-0.0335414452433387,-0.0251532961308221,-0.0350662469608647,0.05499268361923,-0.0261482720670463,-0.0324009917271311
2015-01-29,-0.00421574419673565,0.0109797985068538,0.0197121847410897,0.030658678644885,0.0449871215209461,-0.0605573403935424
2015-01-30,-0.00182862156976071,-0.014169587128436,-0.0390778287430504,-0.0147422576085727,0.00332709057575098,0.00592801540067667
2015-02-02,0.0244080311850956,0.0162673885857494,0.0215482573080403,0.0124688292888511,0.00132775717547329,0.0157873597434839
2015-02-03,0.0293701863356457,0.0240177311042626,0.00772203679437267,0.00016861335569196,0.0362649245474418,0.000223783421898105
2015-02-04,-0.00860057612948761,-0.00986850519037397,0.00575269636385256,0.0076403183325553,-0.0143917920039329,-0.0146481943101748
2015-02-05,0.00979228223443407,0.00288838602292207,0.0144741157779835,0.00711210688788899,0.0336130080907919,-0.0114156493443138
2015-02-06,-0.00185620002083642,0.0122851202040053,-0.000942765631675169,-0.00845655045009686,0.012474206973955,-0.0141059111740733
2015-02-09,0.000655497423326601,0.00142348757920496,-0.00117962683534323,0.00662060125270258,-0.0028968181692357,-0.0086539893222648
2015-02-10,-0.00602504540778259,0.00365113676149997,0.00564967556037077,0.019029250596394,0.00496078195464245,0.0116769192259585
2015-02-11,-0.00451521718667358,0.00585447672204653,-0.0051776377871815,0.0231683083047498,-0.00869747934904819,-0.00255727214287749
2015-02-12,0.019348079314736,0.0240639874162705,0.0166143747564473,0.0125727907331727,0.0220105500357168,0.0223280310645464
2015-02-13,0.0107678460812988,0.00607311313252934,0.0179397353194646,0.00489078114403263,0.00588291275208963,0.0110923154538285
2015-02-17,-0.00343311256431456,0.00952476617617704,0.000459059998341171,0.00588444930633791,0.0026260249857466,-0.0202394408499735
2015-02-18,-0.0221675956450467,-0.00523714227301708,-0.00114805747813262,0.00693823772247804,-0.00323298625982504,0.00275299551308184
2015-02-19,-0.0174013822906156,-0.00585137962958759,-0.000689375576934381,-0.00209981113974234,0.00544962884782452,0.0163602147484423
2015-02-20,0.00535232488750115,0.0128281651743012,0.00824181076368902,0.00814118226884109,-0.0030239260374163,-0.00587700606562302
2015-02-23,-0.0101716148572946,-0.00892343042068733,0.00659019866813848,0.0266682483502807,-0.000807870629534246,-0.0132362041959011
2015-02-24,0.00459560406373694,0.0112382962095698,-0.00135996449414355,-0.00626016631387305,0.00644513044633399,-0.00345180414071722
2015-02-25,0.00201095519375993,0.00365417302839122,-0.00227061374330395,-0.0259058430678909,0.000802682623744833,0.0239163884969913
2015-02-26,-0.0106592616967838,0.00612441725397783,0.00158999712523444,0.0125768814878988,-0.0121090958315384,0.00045006750928378
2015-02-27,-0.00124160755289271,0.00019074079641257,-0.00477769197975952,-0.0151423794958729,-0.00020303813945155,-0.00383189920022442
2015-03-02,-0.00566316583544069,0.0202066042387909,0.00068397116883645,0.00489218472086961,0.00223139460906019,-0.00384654846943233
2015-03-03,-0.00478195990700492,0.0044767293218273,-0.0137680593597556,0.00208941161174092,-0.00202835646960864,-0.0343629335801361
2015-03-04,-0.00503435728577895,-0.00111734269869634,-0.00509606896721815,-0.00635913294633905,0.00647643684041066,0.0316387776181974
2015-03-05,-0.00505984269873228,-0.00205160555765271,0.00116048335658814,-0.0167094650071435,-0.013812938435374,0.00385702114333419
2015-03-06,-0.0128794548997311,-0.00937916491389101,-0.0175504866970631,0.00150187521705547,-0.0196226756107598,-0.0164387493634179
2015-03-09,-0.00550377605744234,-0.00207529269363294,0.0115010854056057,0.0042563393079682,-0.000208564520524313,-0.0106457613910576
2015-03-10,-0.0106246021047172,-0.0330227851931535,-0.0193219816023791,-0.0209027805366446,-0.0172563211724994,-0.00700446478081185
2015-03-11,-0.00285244605600177,0.0212445494589661,-0.00119032086325577,-0.0183997462541834,-0.00702958556428612,-0.00422635050318121
2015-03-12,0.00237760093052408,0.0328946239308925,-0.0231335531889991,0.0179176947666404,0.0144315160403328,0.01053259578278
2015-03-13,-0.00416442285413243,-0.0100354213750693,0.00873795145003742,-0.00693439468880808,-0.00867638558177486,-0.00186441442960117
2015-03-16,0.0105557524158479,0.00279768264417957,0.00434048422733113,0.0109440222632493,-0.000425179565605394,0.014818493482593
2015-03-17,-0.00805500798724168,0.00278995284781614,0.00336294386081049,0.0165883720928939,-0.0085415465266836,0.00641475288342752
2015-03-18,0.0233921661027194,-0.00223128632562286,0.0190029524201991,0.0111934232691135,0.0193273601548896,0.0198965869416776
2015-03-19,-0.019474994679074,-0.025260541513024,-0.00495342176522362,-0.00757905741259002,-0.0171851354598012,0.00691585593992139
2015-03-20,0.00153888076552189,0.0113896208027868,0.0138548730340129,-0.0126284170300286,0.0119125145169736,0.00133305950275187
2015-03-23,0.0104725196646411,-0.00948233217056282,-0.000466531145824511,0.01035130458511,-0.00126960107212692,-0.00713015482571855
2015-03-24,-0.0107091721067682,-0.0103429673830684,0.000932844741828642,-0.00409607699624903,-0.000423558807285396,-0.00673107776668624
2015-03-25,0.00401469842619306,-0.0108401735568568,-0.0341427686827629,-0.0264741776622701,-0.0080816405128239,-0.00496496173342997
2015-03-26,-0.00638377395778811,-0.00370482170745401,-0.00604816833978283,0.00694616487561905,0.000640389784986706,0.00609001530158793
2015-03-27,-0.00881480142002289,-0.00371855866799686,-0.00584080675831222,-0.00800035338592142,0.0280272954526484,0.0140673751530591
2015-03-30,0.0242313789177411,0.0124709257011331,-0.000244138885714396,0.0249993183802655,0.0190798408271378,-0.00333141899816347
2015-03-31,-0.00738440437580667,-0.00232645569440182,-0.00735116501039235,-0.0154708191924025,-0.0144840182665429,-0.0114108408953917
2015-04-01,-0.00637321334297081,0.00193907563802975,0.00147460395564236,-0.00144764913747863,-0.00166871898166177,-0.00700009632740128
2015-04-02,-0.00189614068878541,0.0046386271054244,-0.0106160956724795,0.00857479750498502,0.00707306406541264,0.000453126408304083
2015-04-06,0.00979757399135206,-0.0046386271054244,0.0307941802861791,0.0160687296658812,0.00907967318279201,-0.0109316506506434
2015-04-07,0.00725661482003837,-0.00193907563802975,-0.00048146825343709,-0.0105779039343554,-0.00329218262059339,-0.00137481691424268
2015-04-08,-0.0199052794300512,0.00715597958462544,-0.00265220157102997,-0.00325904428606805,-0.00309633025405454,0.0351466006041412
2015-04-09,0.00699431538719697,0.00461454644954529,0.00144754120092516,0.00761423964208685,0.00762032787979505,0.0101323114653811
2015-04-10,0.0106927374962904,0.00573833567703419,0.00576930160225642,0.00425768172420593,-0.0072069148435574,-0.00991090581486054
2015-04-13,-0.00257462396380426,0.00437719570996453,0.000958246778646199,-0.00196888758926761,-0.00248291356642083,-0.00911623878698276
2015-04-14,0.0150029100631777,0.00132839925857375,-0.0026374989119935,-0.00434522518064817,0.0115346560655425,0.0168331551302754
2015-04-15,0.0165993714068353,0.00906177997872115,0.0145395556966843,0.00379324159978811,0.0258756990407369,0.00438311028681415
2015-04-16,-0.00398155816191981,0.015108032440649,-0.00236908060421648,-0.0048231028443606,-0.00721013812708504,0.00109275501085682
2015-04-17,-0.00916075289379314,-0.0177425646973672,-0.0128911055590542,-0.0113184576370884,-0.00181070280581608,-0.0294823082237197
2015-04-20,0.00355971516916842,0.00244660455110646,0.0305241194388706,0.0225886316008035,0.00862162093290575,0.00471326195491084
2015-04-21,-0.00413509756097863,-0.0136262576442077,-0.00631212990393992,-0.00542216250380623,-0.00882297696719769,-0.00381375664014039
2015-04-22,0.006653707022652,0.0117447489118372,0.00817480362779266,0.0133840822458975,0.00742451432552649,-0.0115295046452566
2015-04-23,0.000914307570202944,0.00225738604252435,0.00810842041595183,0.00813046561271236,0.0194026963435379,-0.00638686014177559
2015-04-24,-0.00653258673397605,-0.00603090367186887,0.0994129823701537,0.00469322460802601,0.00235016075009664,0.0185904014225047
2015-04-27,0.000459821595747201,-0.00189220817802305,0.00333680013896798,0.0180280615144444,0.00682334862049316,-0.00360034138234644
2015-04-28,0.00903846181140455,0.0041580423704235,0.0232544954908938,-0.0158811649270039,0.00677704431502413,-0.000450980836832038
2015-04-29,0.000796940359903964,0.0138604524918389,-0.00203620080639144,-0.014815065572348,-0.00406070446578877,-0.0241965927553003
2015-04-30,-0.00570647025493098,-0.00821816990342139,-0.00859783965498107,-0.0275047701732625,-0.0118898492198252,-0.0165408315928044
2015-05-01,0.0167975300895646,0.00821816990342139,0.00041110360853569,0.0299116727613136,0.0134386841291181,-0.00141048451711656
2015-05-04,0.00292203448598638,0.00759755780765792,-0.0086687584727736,-0.00194061325060613,-0.000774076410928082,-0.0111177255273245
2015-05-05,-0.00562683879218806,-0.0152532806944374,-0.0133558522665842,-0.0227907270510652,-0.00582532118545664,-0.0177590940417081
2015-05-06,-0.00475112589181048,-0.0099840476381563,-0.0281228578207062,-0.00629961294289672,-0.00919496264916164,0.00867896007891433
2015-05-07,-0.00671262702529418,0.0101811089674371,0.00903430304303621,0.00616623043676245,-0.00472819152140369,0.0516892565506759
2015-05-08,0.0157430018291125,0.0132303936903022,0.0222348904555529,0.018665526285262,0.023613146000415,0.00500230698634452
2015-05-11,-0.0169107853275099,-0.000925990759501616,-0.00798995956035276,-0.0102387567633215,0.00096392043073612,-0.0111758948864185
2015-05-12,0.00276176719131982,-0.00427072702126097,-0.000422323593432417,-0.0035687196007439,-0.0184740544742272,0.00548953815633224
2015-05-13,-0.00530015524617955,0.00852329246886763,0.00589605133479321,0.00111163516467361,-0.00432731928639773,0.0126928718434627
2015-05-14,0.00472546109352301,0.00735291975978836,0.0226268262807889,0.0230634247664687,0.0100030691836799,0.0123112686813474
2015-05-15,0.00435977523957565,-0.00661517510929333,-0.00865812333542992,-0.00139680658495056,0.00525541826074916,-0.00445933844370572
2015-05-18,-0.00574054209813735,0.00789639858389934,-0.00602225181462224,0.0109670433725517,-0.00995031247712319,-0.00875325969586704
2015-05-19,0.00161066458835002,0.012000215349413,-0.0025188134035945,-0.000922116208467827,-0.00530817496730585,-0.0792540422142438
2015-05-20,0.00160808672795643,-0.00798412172178331,0,-7.69650302379077e-05,0.00609221741396659,0.0432203109879175
2015-05-21,0.000917769650876643,-0.00091130724666133,-0.00336851626448675,0.0101741313452139,0.00663934702422297,0.0205858776379784
2015-05-22,-0.00794343448795853,0.00236774373333315,-0.0110263233349901,0.00871444047638104,-0.00175318819002968,-0.00435925883952049
2015-05-26,-0.0136151244152707,-0.0133689286982008,-0.00663176957089728,-0.0222773790996786,-0.0131490888495374,-0.0148254742277869
2015-05-27,-0.00281589385374037,0.0115480652687645,0.0216568910591537,0.0184978007976442,0.0113928008194488,0.0122929300814838
2015-05-28,0,-0.00584903991645058,-0.00336627986292148,-0.00197099833916692,0.00720055613130555,-0.00717182938480665
2015-05-29,0.00105684904530801,-0.00865323769219195,-0.0125121016998331,-0.0114478883402231,0.0096488729861739,-0.00302292990369368
2015-06-01,-0.000821927703198888,0.00681839771452664,0.00786481936362859,0.0019936691494431,0.0036422570113861,0.00950288792812248
2015-06-02,0.000117489955622219,0.00494642708991844,-0.00658528025466998,-0.00445287559842633,0.00743503742983043,-0.00462419321106999
2015-06-03,-0.00223414711730552,0.0164933557791431,-0.00149301824114456,0.00123029948704367,0.00681428819994911,0.00138946292167264
2015-06-04,-0.0086303758798687,-0.00540735431039785,-0.0105139446758766,-0.0058578408929586,0.000754304790790084,-0.007666386717609
2015-06-05,0.000712142736212229,0.0163129952551309,-0.00475678527487311,-0.00550373137793336,-0.0186458874319557,-0.00163379656755902
2015-06-08,0.00674039460001374,-0.0105461735874348,-0.00892570099138412,-0.00662892546050653,-0.0129507541891676,-0.0188641059423054
2015-06-09,-0.00318711739903765,0.00626957999030076,-0.00175089818904883,-0.00297786296710179,0.00233187211289954,-0.009086552345555
2015-06-10,0.00742093424027601,0.0180504004337365,0.0208114809930593,0.011393078727207,0.00908133864398808,0.0102761088220897
2015-06-11,-0.001409306531996,0.00332660986413735,-0.0036539900771233,-0.00225276124300322,0.00326449185919619,-0.026989638242958
2015-06-12,-0.0126546570038295,-0.00174945374093305,-0.0101721032882272,-0.0111042552814098,-0.00615386293123787,-0.0100651398400191
2015-06-15,-0.00357691376693392,-0.00808723313068604,-0.0107163629958871,-0.00196781060063778,0.000385745844754481,-0.00148143236969966
2015-06-16,0.0114015392838098,0.00738655823625667,0.007666268300214,0.00534340854971926,0.0139781999996407,0.00419179506649181
2015-06-17,0.000590318900481002,-0.00933019598677998,0.00305009469567308,-0.00235383184592308,0.0143479489760412,0.00784317765326259
2015-06-18,0.00881269701525245,0.00388345151012093,0.0161833423532927,0.00454577451902871,0.00448853373663116,-0.00122142437588257
2015-06-19,-0.00316367789678385,-0.00938141163823047,-0.013359451577625,-0.0100598088491353,-0.00580148597438468,-0.00982572409723481
2015-06-22,-0.000469544032530855,0.0127232877581189,0.00281600684186456,0.0079462500240135,0.00299850180096772,0.00541611381624874
2015-06-23,-0.00117479429010281,0.00769635700574067,-0.00694596488838739,-0.00455547960965053,0.00242971320094876,-0.00196603646601057
2015-06-24,-0.00459499969631594,-0.0128015690089534,-0.00589845858820581,0.00846601008169667,-0.00881230912922293,0.00710867061284359
2015-06-25,-0.00889632519941674,-0.00832972013506605,0.000219138231352112,-0.00477291219044584,0.0022573813563973,0.00317037216131322
2015-06-26,-0.000834369983212291,0.00266598713911392,-0.00858004716792049,-0.00589972376149639,-0.00246520373329373,-0.0248995727682395
2015-06-29,-0.0124791778264193,-0.0262557608437892,-0.0198600497405725,-0.0176700026795595,-0.0363464953195658,-0.0291270682037656
2015-06-30,0.00457773855019461,0.00653835538459013,-0.00497058773414372,0.00720119693612364,0.00745388280903958,0.00971877202567484
2015-07-01,-0.0100259857634759,0.00793366140307006,0.00677202172592173,0.00928466119931848,0.00429020063725938,0.00101757827334703
2015-07-02,0.00930459551724461,-0.00558309765573561,-0.00112547460856227,-0.00126458581243494,-0.000194581401420368,0.00127046130909614
2015-07-06,-0.00736408022564561,-0.00525121888118107,-0.000225308358587473,-0.00348600681702749,-0.0158905152052364,-0.0197467624284098
2015-07-07,0.00411130440951446,-0.010585987809598,-0.00202954266311828,-0.00246332410369821,0.00532495807404532,-0.00989078846784919
2015-07-08,-0.0109198023729569,-0.0316895309001239,-0.00135526516999773,-0.0251362869783032,-0.0263068288584978,-0.0265056598236959
2015-07-09,-0.004524106391119,0.0170879999406059,0.00630915847131641,-0.0206073893681573,0.0148328698489419,0.0101551111862923
2015-07-10,0.00756936013366616,0.0157018662444521,0.00201952350815349,0.0263832750954709,0.0226232083684974,0.00820862557328583
2015-07-13,0.00242950745747006,0.0178024481469268,0.0206330039931757,0.0191216961628129,0.0102564785958954,0.0219101107787734
2015-07-14,0.00833692662059704,0.00663975387552274,0.00175512373991049,-0.000397998714043446,0.0209571686902867,-0.00335953285817059
2015-07-15,-0.00422015928745978,0.00978916288525866,0.00306411370678283,0.00958687820220661,-0.0178814413801578,-0.00649268593001562
2015-07-16,0.00181084657690977,0.037031632891952,0.0194769504586345,0.0132379256110777,0.0024921205368873,0.0137147703616716
2015-07-17,-0.0036249782688822,0.00272710267461207,-0.00085765081245226,0.00860037628843635,-0.0205036379065011,0.0195959954202101
2015-07-20,-0.0103425904287002,0.00170065946463716,0.00641437802378686,0.018725083089338,-0.0127840969224673,-0.00353443938335696
2015-07-21,-0.00122382189072123,0.00423909802300759,0.00764335265568272,-0.0100450344192016,-0.00834832928693485,0.00479372679319212
2015-07-22,0.00159067008616276,0.0207643386668703,-0.0374962677723452,-0.0432149050143966,-0.0019979690496319,-0.012409884160947
2015-07-23,-0.00797894456803228,-0.00781971766597778,0.0124387752719017,-0.000479251452619955,-0.0458345683693429,-0.000764894865018295
2015-07-24,-0.0148996756147621,-0.0197357854064224,-0.00369368591173824,-0.00528723049372015,-0.0381994061515143,-0.00922376546693826
2015-07-27,-0.00854276889883021,-0.0126866421455611,-0.0129260084367986,-0.0139930601272829,-0.00742360948642151,-0.0263412811499264
2015-07-28,0.0398222757945907,0.00704894969033365,-0.000220495637430318,0.00495634491679109,0.0221075390309915,-0.00317625990728621
2015-07-29,0.00797003686819853,0.00937851052086547,0.0207363230002042,-0.00316597043923839,0.016581988718825,-0.00132651566508946
2015-07-30,-0.00156482112545753,0.000169920211813945,0.0126651775932789,-0.00505376662829526,-0.000210895750945461,-0.00665870121271395
2015-07-31,-0.046858563202937,-0.00715874927243032,-0.00384698209628143,-0.00878241962593584,-0.00762063150208192,-0.0202463398558512
2015-08-03,-0.0146248061408194,-0.000342172806531593,0.00235271144787896,-0.0238603247316265,-0.0128317105093276,0.000545283569070687
2015-08-04,-0.0114669783515682,0.000513267292864938,0.0154746000677521,-0.032609741532946,0.00493827559927196,0.011651669866537
2015-08-05,0,0.00460712342361358,0.000841060382911429,0.00660759118837451,0.00937978091004998,0.00349606384722412
2015-08-06,0.0118512116252516,-0.0109553138425564,-0.0203829385888032,0.00217373727929182,-0.0113092434510209,-0.0214362030023691
2015-08-07,-0.0162667498064275,-0.00327556518353056,0.0025707488919009,0.00338174482670972,-0.02388820268393,0.00574318571953736
2015-08-10,0.0246830546948313,0.014230879026087,0.0125440243817971,0.0357120468969585,0.0247462163140502,0.0130048974568311
2015-08-11,-0.00681631039448671,-0.0189041891324644,-0.019629440512912,-0.0534409857211156,-0.0293722485737034,-0.0306119279942152
2015-08-12,0.0166372281287348,-0.012745698516289,0.00708541613111491,0.0153021825240742,0.00901202287671454,-0.0436824120687822
2015-08-13,-0.0017784501648066,0.00735300964691543,-0.000214004856942562,-0.000781253025634143,-0.0161026675342311,0.0409031161888569
2015-08-14,-0.00369404400168527,0.00452485925663293,0.00576124732993932,0.00700965905676298,-0.00155781731144033,0.00859093523698773
2015-08-17,0.00521857181497243,0.00312068581083391,0.00678542291250173,0.0102952554975184,0.0126149611397768,-0.00387072642524311
2015-08-18,-0.0111062031507725,-0.00381549216152255,0.00551551904428838,-0.00564928413645749,-0.0159613489245265,-0.0114223004541563
2015-08-19,-0.0216708473224489,-0.00960286733334215,-0.0140607270948467,-0.0128721712092021,-0.0139515905408043,-0.0141085865666861
2015-08-20,-0.0220168490496615,-0.0297359743053889,-0.0205924925531771,-0.020733413442338,-0.010478514910063,-0.0314645972778864
2015-08-21,-0.0332682692998079,-0.0317662443529381,-0.0583959481262784,-0.0631132835354533,-0.0243377228785495,-0.0349132292501699
2015-08-24,-0.0484297098595246,-0.062749059469053,-0.0328052726189774,-0.0252790166480352,-0.0547322425077117,-0.0504465929886369
2015-08-25,-0.000145565425347272,-0.00917984858521859,-0.029460410024182,0.00599436461630365,-0.024079404389354,0.0136402116986267
2015-08-26,0.0536918309443681,0.0469937282563233,0.0538720726054618,0.0557704784887854,0.0412788672943591,0.0242775695813471
2015-08-27,0.0318995312737815,0.0219456408929939,0.0274812809499037,0.0290213628122808,0.0602662978020572,0.0353457430564528
2015-08-28,0.00293491166150872,-0.00299850305318516,0.000683102001469926,0.00327132296159416,0.00913249852364428,-0.0164600459126616
2015-08-31,0.00226197579195198,0.00374674501565897,-0.00937683868603933,-0.00468922630417268,-0.00546950886005559,-0.027533002150236
2015-09-01,-0.0429063490647312,-0.0486593025699182,-0.0398459369301705,-0.0457264117859051,-0.0491786858406962,-0.0200508590802988
2015-09-02,0.015828586443658,0.0157759824816543,0.0361626934550436,0.0419946818517669,0.0173710433297831,0.00536532768855835
2015-09-03,0.00761800963987813,0.000772667851406172,0.00322355534126872,-0.0176915699944153,0.010326359997459,0.0239476842408739
2015-09-04,-0.0181885508022619,-0.0234431716930397,-0.0206719478784536,-0.0100165335960938,-0.017666223145135,-0.0299461236948027
2015-09-08,0.0142507278321728,0.0207363064900141,0.0295975208749688,0.0274410289664955,0.0466603982561815,-0.0217678249237965
2015-09-09,-0.0206192848129483,-0.0150202958510532,-0.0188598190902938,-0.0194197954349935,-0.00682749948336303,0.0198660810859788
2015-09-10,0.00719621952697214,0.00372730171674673,0.00509500794814333,0.0217321614014097,-0.000685393114229438,-0.011808019756216
2015-09-11,0.00234152153806999,0.000587236724889362,0.00437936253508964,0.0144636050636331,0.000456940766310421,0.00894860557601396
2015-09-14,-0.00275527445226142,-0.00235107843647242,-0.0101711170829484,0.00958527980189317,-0.0161181626360123,-0.0359552900353051
2015-09-15,0.00509121035527116,0.019810319633458,0.0216050342425111,0.00837693276650775,0.0122276034001128,0.0234691667573412
2015-09-16,0.0195711946677264,0.0112822690198251,0.00724968833517847,0.00111741193218595,0.0309314344192324,0.0115311653826953
2015-09-17,0.00215106543170229,-0.0180357528073936,-0.00112929328114308,-0.0216220487859031,-0.0170407157084553,-0.0150813062172293
2015-09-18,-0.0241958107510589,-0.0266839644654522,-0.0175543122135982,-0.00413424116629013,-0.020793626009691,-0.00616184858652868
2015-09-21,0.00972143326255281,0.00831683950083217,0.0143854800731327,0.0153943510008441,0.0162605075116198,0.0138913556687958
2015-09-22,-0.00889627499995438,-0.00652881879622846,-0.00477217964415955,-0.0158351342950356,-0.00958697140670539,-0.0250134853670696
2015-09-23,-0.00606723118611807,-0.00517418121800395,-0.000683663832444115,0.00808012630971788,-0.0236724249944547,-0.0219496673801669
2015-09-24,0.00592982695183863,-0.0199502430142875,0.000911392651827825,0.00593060177818927,-0.0021158993724395,-0.0135411683171736
2015-09-25,0.00685121779841857,0.0284930786657611,0.000682946510271343,-0.00252493684240562,-0.00400901341398852,-0.00718323607236337
2015-09-28,-0.00864032532918113,-0.0305306104655574,-0.0149033382937178,-0.0199874254871055,-0.0459065089367123,-0.0539527639193675
2015-09-29,0.00508351594517009,-0.00061203689029643,0.00345895241484939,-0.0305216042621401,0.0134030712524273,0.0236316045332767
2015-09-30,0.0187352472549662,0.0123721486229837,0.0187006501207261,0.0113057916130943,0.0443659983382934,0.0227401787718735
2015-10-01,-0.00390811980064587,0.00562813513933591,0.00787676914644786,-0.00654906272512168,0.0135864837465411,0
2015-10-02,0.0242775649604372,-0.00020044075099479,0.0212915450785118,0.00727403981732611,0.0336300987645051,0.0604007458617923
2015-10-05,0.0121817105343025,0.0253378355886906,0.0229945384982049,0.00361731100933582,0.040992961511761,0.00454844846134961
2015-10-06,0.0139627499403581,-0.00195652521580936,0.00257012125140887,0.00477283851158727,0.0164903689093521,0.00355926607038759
2015-10-07,0.0166787008968035,0.00507908825260328,0.00106891327630798,-0.00477283851158727,0.00867088580857178,0.0289691433849311
2015-10-08,0.0104252805330551,0.00640969504642319,0.0137933702591768,-0.011621697920349,0.00629723276775396,0.0155668772386353
2015-10-09,-0.00966793314612246,-0.00524122339494415,-0.00719125055560355,0.0236452064392614,-0.0149681185763257,0.00462324763425936
2015-10-12,0.000504562072741521,-0.00194821854212801,-0.00233770085756824,-0.00464871762012997,-0.0102478026668793,0.0104008583616477
2015-10-13,-0.00176700229898863,-0.00136598716496028,-0.00234317851048171,0.00170108426359228,-0.00193319270443393,-0.015951288892297
2015-10-14,0.0125535145427174,-0.00961447558910677,-0.00448861229023567,-0.0142344953134907,0.0128179817685168,-0.00776039902719505
2015-10-15,0.0163329487940684,0.0434054045790426,0.00704450081363683,0.0148604711794702,0.00992723652390914,0.0424037904995087
2015-10-16,0.0121982464369097,-0.00530006968752961,0.0105798651540079,-0.00735759533945135,0.000840282690525385,-0.00329098282502827
2015-10-19,-0.0182302194508575,0.00322126334703654,0.00231263569853368,0.0061947790887471,-0.00484159936680051,0.00388817603477465
2015-10-20,-0.00197745940680072,-0.000378448687144761,0.00314503929429888,0.0180935591061555,0.0063104793664488,-0.0202026463976308
2015-10-21,-0.00770002412872195,-0.0196852597203612,-0.0120039393887574,-8.78587508825746e-05,-0.00441312871383115,-0.0534920609895235
2015-10-22,0.0328662443382282,0.0134203884231345,0.017431881441702,0.0151795505869456,0.0501131193415101,0.0175191291066819
2015-10-23,0.00108523290486673,0.0212914500565797,0.0960102689916584,0.0305250234970966,0.00798092239972803,0.0462759321129633
2015-10-26,-0.0214381204308998,-0.00992980490425799,0.0257669285878488,-0.032431616657477,0.00258016192914567,0.00691016719938098
2015-10-27,-0.00160192768364009,-0.00945901851030584,-0.0103762420664029,-0.00635250464327708,0.00474585149234574,0.0265893651544822
2015-10-28,0.014568448078176,0.039505770156913,0.00538685013918894,0.040378368024081,0.0133257038901764,0.0256165978989547
2015-10-29,-0.000607814472315837,-0.0188301919917091,-0.0115521806563912,0.0105088767870551,-0.00919138232772276,-0.00398633796640135
2015-10-30,0.00618288975698533,-0.00917355042702983,-0.0135851469259882,-0.00858230955704542,0.0150143644831564,0.0161316648374714
2015-11-02,0.0302368166533036,0.0123366861301637,0.0113337595785019,0.0139606736234299,-0.00154944913389388,-0.00987450553943869
2015-11-03,0.0182425280107772,0.00611166107487371,0.0169479803315862,0.0114052497238246,0.00753115354750911,-0.0157168256539686
2015-11-04,-0.0100677291553701,-0.00611166107487371,0.00460616833320637,-0.00466124598969309,-0.0116100060043869,0.0100301455580944
2015-11-05,-0.0137013082789919,0.00592702509593623,-0.000367714460579815,-0.00462042951596775,0.00446645505405785,0.00142467614102459
2015-11-06,-0.00401697584372052,0.0312695445449385,0.00988107958235185,0.00115711456974044,0.00444659450668006,-0.0265450669847862
2015-11-09,-0.0216075334166623,-0.00286789194607806,-0.0139349072202535,-0.00405577659225287,-0.00270426989818384,-0.0153214839341991
2015-11-10,0.00486918085658417,0.00161420113486077,-0.0120741185978162,-0.0320243325177261,0.000193377430765196,0.0091622331747323
2015-11-11,-0.00890407335429089,-0.0162604780524007,0.00261297370044788,-0.00566813479926953,-0.000193377430765196,-0.0181094743571109
2015-11-12,-0.0274500219529932,-0.0265796798912121,-0.00616999974010923,-0.00336453079226828,-0.0248715528544223,-0.00450386582524454
2015-11-13,-0.016634306420098,-0.00543940701620826,-0.00904301104681116,-0.0296435362174998,0.013980723335723,-0.031797268121335
2015-11-16,0.0352238080294898,0.00973244954742958,0.0174472119878968,0.0162461958931539,0.0099232596881933,0.0233354770523615
2015-11-17,-0.0116873554403485,-0.00373197739788633,-0.00827223697537027,-0.00430068653255145,0,-0.00273514825627164
2015-11-18,0.00970759611175254,0.0274747082979663,0.0164766242849628,0.0311740370365925,0.0288160129321771,0.00364517409019482
2015-11-19,-0.00546442998401098,0.00145404994424458,0.0016699240378113,0.0126235232218352,0.00300526638939891,-0.0106691758795794
2015-11-20,-0.00637146109450804,-0.00564615300304272,0.00462407383970476,0.00436832666484221,0,0.0146032405096368
2015-11-23,0.00612230727051966,-0.00862154829310269,0,-0.0130776228618101,-0.0060195916359862,0.00752222570505445
2015-11-24,0.0197342271376026,-0.00184397481032939,0.00110662846445031,0.0095508240578237,0.00714425681861419,-0.0120629327650996
2015-11-25,-0.00772391409937612,-0.0018473813359452,-0.0103762575729038,-0.00717573981903996,-0.0277321221502933,0.00604965556562931
2015-11-27,-0.000246137395434332,0.00240091782277529,0.00446017136057764,-0.00186568368345696,0.00173193074676625,-0.00665663587582754
2015-11-30,0.00527965307498146,-0.00221604287768518,0.00775767386143444,0.00415066610745374,0.00230464494951477,0.0260689519055757
2015-12-01,0.00281254237909589,0.0144996748826345,0.0158806491851031,-0.0081481223097315,0.024444562482401,-0.00296214671566108
2015-12-02,-0.0289910856007705,-0.0135757377114021,-0.000181142477102991,-0.00907461103165286,-0.0213800081032076,0.0559547033801038
2015-12-03,-0.014434268181172,-0.0117047577933689,-0.0184631710726464,-0.00933134381843548,-0.00825737896865997,-0.0374383474919555
2015-12-04,0.00572261438693555,0.029099695075586,0.0310623423393284,0.032705834518624,0.0275761680229358,0.0164624656476153
2015-12-07,-0.0264694555089058,-0.0126040242988634,-0.00179017613280363,-0.00632087463736131,-0.0243035152024418,-0.00661016920460389
2015-12-08,-0.0286621534142757,-0.0187407358059311,-0.000358431232468703,-0.000422775084511606,-0.0219574990056519,0.00488992790538134
2015-12-09,0.0133104628265936,-0.0109228478950407,-0.0146251709016005,-0.0223229291152052,0.112661885648724,-0.0129964572988364
2015-12-10,0.000793091817677727,-0.00303433926700292,0.00526080168098231,0.00474564214284889,-0.0368293501914878,0.00666376477214081
2015-12-11,-0.0179969722476843,-0.0296860848808569,-0.0221357167770475,-0.0260751418634371,-0.0284467039706229,-0.050943824335778
2015-12-14,0.0224788679031285,-0.000195714669314562,0.0197808301260558,-0.00620402045620505,-0.0397529540820858,-0.00977107010577827
2015-12-15,0.0437481595180129,0.027409597699819,0.00108757285222261,-0.0178504616554136,-0.0141373093274977,0.0134107162777202
2015-12-16,-0.00353133256539007,0.0259364547740768,0.0167074813258563,0.00766355120857654,0.00296182820716284,0.0224526726491474
2015-12-17,-0.0151489412067241,-0.0198620405436816,-0.0076902842128912,-0.0214241404824245,-0.00930978601237475,-0.0164157994098351
2015-12-18,-0.00876069042314498,-0.0313336694743822,-0.0285915788801958,-0.0274423444052045,-0.0124150513832109,-0.00846179106897349
2015-12-21,-0.000258783515701744,0.0112622843734784,0.012848940936089,0.0121861577755293,0.0266417518125328,0.000606796116713326
2015-12-22,0.00503517361938943,0.00423887726804884,0.00943910666282877,-0.000932128566361712,0.0103445618149851,0.0363350869886485
2015-12-23,0.0321872866173738,0.0118503572466517,0.00845558809371028,0.0127873969115182,0.0198025871240386,0.00757585208435207
2015-12-24,-0.0107824603803852,0.00151884906925792,-0.00269086043049516,-0.00535453625023852,-0.00419681969339258,-0.00991840073977368
2015-12-28,-0.0074651382975075,-0.0062803160118019,0.00501709315093812,-0.011263784305088,-0.0015305574034099,-0.0150646183021226
2015-12-29,0.0053199101987671,0.0113896147840369,0.0106667389402717,0.0178145235656153,0.0195109631719035,0.0130103256370293
2015-12-30,-0.0133530662516659,-0.0129181174486561,-0.00425303346708761,-0.013144664256016,-0.0216380153694899,-0.0198790702861302
2015-12-31,-0.00205054665920201,-0.0105719307168877,-0.0148495822903416,-0.0193815248936815,-0.00349039589893607,-0.00330184916375709
2016-01-04,-0.00630588725309256,-0.0120529912736904,-0.0123324059261138,0.000854620372555459,-0.0305713548597009,-0.0575475207182814
2016-01-05,0.00848447280055353,-0.005294654916701,0.00455167113352761,-0.0253786455660254,-0.00763979025084449,0.0251585906920551
2016-01-06,-0.0083553595501904,-0.0146566716651897,-0.0183323077408959,-0.019763708929398,-0.0222435433392598,-0.00124303929549718
2016-01-07,-0.0161356460891895,-0.0524280031080471,-0.0354019489318858,-0.0431210635598465,-0.038280166657314,-0.0642069011710102
2016-01-08,-0.0204088863260159,-0.0305285795535934,0.00306227419823291,0.00527381259130344,-0.00774864201941439,0.015463345057197
2016-01-11,-0.0134790986541526,0.0154874487101768,-0.000573511974864882,0.0160625361425906,-0.0191977422398306,-0.0151318350259824
2016-01-12,0.0202840429480995,0.00064019969557183,0.0091359552336252,0.0144090416304277,-0.0135272216271365,0.0170888480445779
2016-01-13,0.00596627465956256,-0.0367153793156083,-0.0218357561236746,-0.0260465666715985,-0.0262399120875267,-0.0415825733874815
2016-01-14,0.044848257333471,0.00419571196174573,0.0280686963950028,0.0216350624744743,0.0138843873043499,0.0294532329461048
2016-01-15,-0.0196560396754046,-0.0662735199910638,-0.0407356677740771,-0.0243083303883029,-0.0293599784949601,-0.0396957943242029
2016-01-19,-0.0153269593066785,-0.0125579816532073,-0.00846880791016247,-0.00485056024667507,-0.0209345325627801,0.0203811745820408
2016-01-20,-0.043060560998013,-0.0351849270892841,0.00453872774917174,0.0013439892743623,-0.0179882524098316,-0.0328122048264361
2016-01-21,0.0124933557327607,-0.00843259221018178,-0.00612229599922332,-0.00507534326016312,0.0163229952015551,0.0182479843991792
2016-01-22,0.0327898314647461,0.0224119612764846,0.0352279705486684,0.051801945221654,0.0286337444436255,0.0149004113868867
2016-01-25,-0.0344105094711935,-0.0374687692830808,-0.00960807141324738,-0.019715820723694,-0.0243571987935236,0.00100792884380718
2016-01-26,0.0361068337644799,0.0237362936424041,0.00731048707054871,0.00551568531974045,0.00661626682814642,0.00669343183900573
2016-01-27,-0.0185543330528422,0.00148043119710239,-0.0183774917889785,-0.067964715309631,-0.025040047486991,-0.00972017021740967
2016-01-28,0.0223281788896372,-0.00296668642595321,0.0162668345645693,0.00714629235760711,0.00337510393825458,-0.0321725552136827
2016-01-29,0.0111083646819763,0.0528024950119406,0.0565712790302064,0.0339582384983377,0.010772131070488,0.0260914217114889
2016-02-01,-0.0202419960064457,-0.00235134892620703,-0.00692171301516842,-0.00939261520945855,0.0137150651412958,0.00203114490953737
2016-02-02,-0.0225354882732951,-0.0497087052281975,-0.031754590698549,-0.0204291435465862,0.0559442173979483,-0.0173977101338116
2016-02-03,0.0508374546619308,-0.00148543334307583,-0.0159759922245288,0.0195991709692409,0.0372714447136433,-0.0486524929811054
2016-02-04,0.0170555466036912,0.0105977456306721,-0.00307219074420262,0.00800288910591451,0.0138108648422652,0.0517447820470327
2016-02-05,0.00312676210758411,-0.0230636253637364,-0.0360258261246194,-0.0270712347066118,-0.0148812499277393,-0.0413224413352258
2016-02-08,0.0133964017103292,-0.0527996899730576,-0.0150650695604022,0.0104746839319558,-0.00990104803271796,-0.0334455031373624
2016-02-09,-0.00436112371092623,-0.00796614475913904,-0.00263452225859728,-0.000210569870886523,0.00797159622932586,-0.00853909047038082
2016-02-10,-0.00915772977053653,-0.00266945630104942,0.00868780364934763,-0.00760862710595056,-0.0094868919167479,0.0103858500321228
2016-02-11,0.00314564956622476,-0.0671615906583796,-0.000402423811774355,-0.00606482160746769,-0.0299054988820751,-0.0126254926256273
2016-02-12,0.0178053638374012,0.0706306039698799,0.01616964399707,0.00309021269320553,0.026650600563169,0.0104090528969834
2016-02-16,0.00234209656914075,0.035330069903484,0.0187696915740951,0.027804361307183,0.0176653272267209,0.0795874350891044
2016-02-17,0.00955770301739278,0.0226271096933091,0.0256993766833289,0.0151985253674347,0.024468631495187,0.00306905601276108
2016-02-18,0.00547277040810545,-0.0218560436879121,-0.00439727400076562,-0.0191383637579374,-0.0087903802836955,0.00170093591441489
2016-02-19,0.000606282708628392,0.00179703539546061,-0.00711470600690056,-0.00228810918081113,-0.0103539778641748,0.0208551450115899
2016-02-22,-0.00133423460824034,0.0135016518831872,0.0158901000769935,0.00870828760525555,0.0170583764701546,0.0369262335943641
2016-02-23,-0.0141793836373383,-0.0334479159705952,-0.0283174418866188,-0.0228646447879699,-0.0191847425795868,-0.0161711156530853
2016-02-24,0.00356366945651665,-0.00340718829156206,0.00351084352565145,0.0147808822072433,0.00446001137466334,0.00908805331462181
2016-02-25,0.00599287494854028,0.0138184784983513,0.0143052400158954,0.0068443985110509,0.0191001790830012,0.0131601959291796
2016-02-26,-0.00317540765024216,0.0225304104926898,-0.0154741788422808,0.00154905216230805,0.0132179246612294,0.000318826710214548
2016-02-29,-0.0197659149750731,-0.0165926384718551,-0.00822079435992196,-0.00227274475776351,-0.00267079023799033,0.0132997522989675
2016-03-01,0.0140000747201716,0.0604278096037305,0.0328659153386539,0.0389461641633346,0.0295927250826691,0.0312766785231489
2016-03-02,0.0173195956674572,0.0227582238581667,0.00701222830566683,0.00218602637826848,-0.0090280559678062,0.00334807805295601
2016-03-03,-0.00363411918281376,0.0143447618189607,-0.0113961897681221,0.00741659715576937,-0.000403148134199061,-0.000911962353644657
2016-03-04,-0.00133584230985573,0,-0.00613145112121893,0.0147672915209851,0.0138154669816517,0.0293698056367573
2016-03-07,0.0260284313017509,-0.00514985117996192,-0.0194067679304766,-0.0111285697062451,-0.0105948651699896,0.00294892575837746
2016-03-08,-0.021905257121043,-0.0372981706588988,0.012076547254837,-0.00828003021273904,-0.0188664969130468,-0.0307992356084656
2016-03-09,-0.00278733187085223,0.00243315995588622,0.0227782517296919,0.000890470727007653,0.00469914959633977,0.0174597456772676
2016-03-10,-0.00267348408068102,0.00533198347014263,-0.0150637008888879,0.000494290650295603,0.00142580947244042,-0.0208057564035959
2016-03-11,0.000121699521110408,0.0384116282522449,0.0194070193006146,0.0107163579299767,0.0298768533605287,0.0297185606348975
2016-03-14,0.00267317173710158,-0.00747152638049853,0.00188250435090254,0.00253925876733607,-0.00673937006050185,-0.00682593508818785
2016-03-15,0.00496274232080918,-0.001876571478717,0.00786817672268603,0.0198944802376726,-0.00179158576691174,-0.00957529757616538
2016-03-16,0.000603562428813653,-0.00848861649557264,0.0140821119102044,0.013203702462846,0.00932087278182792,0.0222991265803798
2016-03-17,0.0147334120044276,0.014574736735955,0.00568758907361921,-0.00160550070177301,0.0145015554612669,0.00790752434518094
2016-03-18,0.00118833106482796,0.0159744761241551,-0.0216374186030608,0.00113352753533835,0.00504557974348474,0.0256313250611919
2016-03-21,-0.00691212187139012,0.00137704065813704,0.00689334281942733,-9.43673773408094e-05,-0.00232556302948028,0.00849390735912747
2016-03-22,0.00596161925082495,-0.00505857868093651,0.0038913881592717,0.00761888694285418,-0.00564258705673648,-0.00169303085455708
2016-03-23,-0.00440821724293361,-0.0235580050655955,-0.00185114085050486,-0.00554386793961115,-0.00136678934363044,-0.017376908079016
2016-03-24,0.00274254965225396,-0.0102005519701436,0.00443702490254916,-0.00434371967960079,0.00273169294688325,0.00172271073325136
2016-03-28,0.00285371623798003,-0.000476974846763678,-0.0124363105906244,-0.00455274567090935,0.00466567983549782,0.0105579235750985
2016-03-29,0.0036740554707162,-0.0047823516392187,0.0216174289479598,0.0233956026310729,0.000391278735991651,0.0304705613799467
2016-03-30,-0.0001183303819694,0.00382774302553068,0.00619535448980679,0.017308458819036,0.00701758094135307,0.00658622020515365
2016-03-31,-0.0110643028798032,-0.00310893789687805,0.00326443463809323,-0.00521621411408013,-0.0121166090470091,0.00681480061921391
2016-04-01,-0.0075652959649819,0.0170985196130831,0.00613720269991269,0.00913332346185403,0.00549019393684436,-0.00900540935132987
2016-04-04,0.00240795166836705,-0.00970077272071501,-0.00252251813594873,0.0102212914462232,-0.00136972021313841,0.0146941419392213
2016-04-05,-0.0114895770373735,-0.0131628776615589,-0.0158199297896777,-0.0118591487884636,-0.00648265532858083,-0.0166148449580095
2016-04-06,0.0132916314649885,0.00839641033778404,0.0102115712629365,0.0104181949508488,0.00373755347045401,0.00684278022421658
2016-04-07,-0.0113472376298169,-0.0387239648226969,-0.0120461471865259,-0.0220509914059308,-0.00966764739702386,-0.0134562517419967
2016-04-08,0.0101461915765446,0.00495422373506527,-0.000734754936305038,0.00110499420279719,0.00652114748944266,-0.00276849575411431
2016-04-11,0.00132109496924837,0.015933604270709,-0.00202330277671159,0.00330754423840496,-0.000197019475626448,0.0113026702906827
2016-04-12,0.0122861748571212,0.0187912495513194,0.00624084168021399,0.0129410884819627,0.016800550331971,0.00492207720542837
2016-04-13,0.00567449299409084,0.05456952443416,0.0127273783712152,0.014383555391043,0.0113648606181505,0.0175751716239732
2016-04-14,0.00704804492253253,0.0163625503275333,0.000180694125496483,0.000535353773306824,0.00286892805088979,-0.00375948353320599
2016-04-15,-0.00539905361281345,-0.00133483192065764,0.00522477826822199,-0.0202755301404602,0.000190921201646432,-0.0179157896142943
2016-04-18,0.00948759819524003,0.00422086226342877,0.0144503148929211,-0.021810969403635,0.00324091619459699,0.000273914838736289
2016-04-19,0.00500029974279492,0.0114614552664696,-0.00124058220500611,-0.00531741959960197,0.00966006452861201,-0.00521615444273671
2016-04-20,0.00682048755052911,0.024034945063637,-0.0142884921629753,0.00205562990094599,-0.0211456822706766,0.0407228428996462
2016-04-21,-0.000115235613057152,-0.00299985108105627,0.00341201656820811,-0.0108869769542812,0.000769834868572961,-0.00450277557237566
2016-04-22,0.00849016062921848,0.00790862032394513,-0.0744113991063657,-0.00274039188057351,0.0120472056042891,-0.00505651124108031
2016-04-25,-0.00228751242159131,-0.00597915207312782,0.00635292819085764,-0.00569367169824275,-0.00133142273079745,-0.00669256948559616
2016-04-26,0.00342930344501635,0.00874299145572488,-0.0129408219760938,-0.00697136928877473,0.0212793535423619,-0.00322838586520513
2016-04-27,0.00942708320698671,0.0048714056061856,-0.00976761420853522,-0.0646215688473593,-0.00130510958234842,-0.00432082756161023
2016-04-28,-0.00487280563907877,-0.0117010700672928,-0.0206274141283904,-0.03104321646562,-0.00336387403597449,-0.00979069542669464
2016-04-29,0.00419433952668591,-0.00967646156834601,-0.000601440615872306,-0.0115608639710052,-0.0152789471932415,0.000273206731395081
2016-05-02,0.00822395275099908,0.00860594273089754,0.0147295966449827,-0.00106733092369993,0.000760054043926317,-0.00191437233008029
2016-05-03,-0.0115099063566513,-0.0240662312096545,-0.0165359063776007,0.0163122039362582,-0.0168554313709204,-0.0143371913117756
2016-05-04,-0.00193124409953782,-0.020171358308045,0.00180630973261797,-0.0104558013457989,-0.00736724402761535,-0.000277683664544615
2016-05-05,0.00113647066583855,-0.00967494748710473,0.00140266215350993,-0.00406722464142018,-0.0105635010592691,0.025776009244058
2016-05-06,0.00532429644890264,0.00406137128539497,0.00897047568761966,-0.00559258116946726,0.00607787762060719,0.00781994018445742
2016-05-09,0.000677634892789492,-0.0117781784109239,-0.00637070486744085,0.00075467426320408,-0.00627452655428318,-0.00134390559132758
2016-05-10,0.0159053324409815,0.0214141228740292,0.0187956872757504,0.00676655035051255,0.013674769242503,0.0069686426066915
2016-05-11,-0.00483013140416322,-0.00828576586347385,0.000587827692622334,-0.00978867063202227,-0.005642604327599,-0.00187140816202991
2016-05-12,0.00963702183944637,-0.0106251922802194,0.00897038167853292,-0.0237364740683716,0.005642604327599,-0.00913984881756935
2016-05-13,-0.0113273748935532,-0.0204346526124479,-0.00838285914027947,0.00199049319245947,-0.0193952875155894,-0.0149642027142596
2016-05-16,0.0102115591652678,0.000927458562585137,0.0145760960559449,0.0364465510344214,0.0205587130343163,0.0270432921640911
2016-05-17,-0.000446684312073842,0.0126656727368641,-0.01882783291525,-0.00416288878493454,-0.0017457060258157,-0.00561874387905448
2016-05-18,-0.00201252924906825,0.0484631629813368,0.00592191691392419,0.0113800750682254,-0.0136827282603216,-0.000805207376609385
2016-05-19,0.00846993575044053,-0.017816324283789,-0.00969060333706562,-0.00381437714825061,-0.000787568779963888,-0.00592519896920596
2016-05-20,-0.00411457673633109,-0.00355714224240877,0.0059441300091434,0.0107698648816088,0.011554037636424,-0.0141460465569057
2016-05-23,-0.00156128029879188,0.00466614948268562,-0.0117239424907321,0.0126273484737052,0.0173715518244322,0.00437398182311277
2016-05-24,0.000780950574109873,0.0164893228902687,0.0307050604771377,0.0151292038050865,0.0106586746224138,0.0234543440900197
2016-05-25,0.00655817296461336,0.0232768776976604,0.0102208764337326,0.0174164089443023,0.000757013980683396,-0.0530758869794772
2016-05-26,-0.00510941305834045,-0.0178403099259841,-0.00442265074474468,0.00789886344936441,-0.0165954885161912,0.0323455435584195
2016-05-27,0.00233579372753212,0.0101414389014405,0.00825261048077763,-0.000597773233703691,0.00364785483688301,0.0284278201497909
2016-05-31,-0.0110597743106551,-0.000214757724463333,0.0129132187525003,-0.00489485683383695,-0.0158396067482212,0.00316787491914949
2016-06-01,0.00246831873594644,0.00791362874900692,-0.00283423370980129,-0.0141188434497845,0.00427436698742856,-0.0345924552465431
2016-06-02,-0.0079878864283458,0.000638951657593978,-0.00702555147548134,-0.00754410438699882,0.0127144823745571,0.0135503420966496
2016-06-03,-0.00180888861767325,-0.034217311511715,-0.0132350200649296,0.00204454160132173,0.0174577062026322,-0.0149156392370573
2016-06-06,0.0109167031542983,0.00768141942349887,0.00654351458434199,0.00722464109494059,0.00880240908047147,0.0127598314001305
2016-06-07,0.0152183211628145,-0.00438215806480091,-0.000575695718772806,0.00404738088835277,0.00130437992149135,-0.00921415733106512
2016-06-08,0.000881555518460253,0.000439092048249101,-0.00115224957848126,-0.000909194021223136,-0.000372514590249118,0.00651294016592319
2016-06-09,-0.00132263620077744,-0.0121455071908474,-0.00810351276513099,0.00715043580058516,-0.00167802545965001,0.0102260580338025
2016-06-10,-0.00763905257034647,-0.0249703065913125,-0.00271578336596479,-0.00826284348437678,-0.00392631370080343,-0.014020073270772
2016-06-13,0.00675632978811436,-0.0170002155279669,-0.0263742909138145,-0.0151912587003595,-0.0130105153397633,-0.00982275252014375
2016-06-14,-0.00176771848241941,-0.0281973617241933,-0.0062018493657674,0.00123206243150964,-0.0106850349164187,0.025180725656035
2016-06-15,-0.00299015894504162,0.00119086780780453,-0.00281355934478089,-0.00328879901186685,-0.005192829609586,-0.00214138191727775
2016-06-16,0.0116882666133558,0.00261501421751786,0.0139890547721837,0.00421187669550971,0.00634309520408394,0.00187388626476004
2016-06-17,-0.00549633179544085,0.00851070084270233,-0.00517308946862416,-0.0230205328777373,0.0140794022704851,-0.0121083145437351
2016-06-20,0.0043994975821553,0.00750473018626785,-0.00119761862533174,-0.00241562148743313,0.00264151298292603,0.00943027330740209
2016-06-21,0.004489426397984,0.00279978744673093,0.0221221456808234,0.00848134095604358,0.00376152419437625,0.00294553688885069
2016-06-22,-0.00394090395891045,-0.00560743571699351,-0.00391461044508912,-0.00376058580487193,-0.000939040943435998,-0.00107011776918409
2016-06-23,0.00688646239204349,0.0408594511299953,0.0178818814425861,0.00573959327275375,0.0086062253177861,0.0111791954770952
2016-06-24,-0.0266035174913135,-0.0982384268347314,-0.0408942040117672,-0.0284979327697847,-0.0401004081111602,-0.0416162992419169
2016-06-27,-0.00594670973211464,-0.0462128416313492,-0.028497770131489,-0.0146680867265676,-0.0315172428751764,-0.0285494049013968
2016-06-28,0.0228079355474335,0.0496807283025169,0.0206403221883953,0.0167002234081091,-0.0206109047041285,0.0230153290260664
2016-06-29,0.0169060713181697,0.0407033062748607,0.0220053366142938,0.00861759284672114,0.0183866541326623,0.022497518884272
2016-06-30,0.0137488526012675,0.00638981245323667,0.0123882622082947,0.0126317063283468,0.00625564596502315,0.0188127015927733
2016-07-01,0.00106619447993328,-0.00520344170518827,-0.000195408506285855,0.00302889862159894,-0.00342565416626428,0.0113833388808358
2016-07-05,-0.00877667608651844,-0.0335172852952197,0.000195408506285855,-0.00943010127803401,-0.0158701602952971,-0.0129820868686004
2016-07-06,0.011437243144889,0.00684269364218082,0.0040956157546792,0.00566871886587084,-0.0132124003326735,0.000266577798314405
2016-07-07,-0.0120824390250345,0.00558593602669655,0,0.00428270914831508,0.00166114937940565,0.000266613363344437
2016-07-08,0.00621987214278619,0.0165729249805247,0.0177473465289486,0.0076835356508651,0.024591419449806,0.00584646879654915
2016-07-11,0.00373471482079957,0.00735738181742374,0.00552964095679265,0.00309824775204159,0.00906801438816096,0.00581235446363415
2016-07-12,0.0112265308559589,0.0268299677648374,0.011720341004652,0.00452670104685815,0.0218263169055057,-0.00184574875988597
2016-07-13,-0.000737496478935284,-0.00253535841190011,0.00562219174517375,-0.00566160362891033,0.00450406392719671,-0.0066199104886242
2016-07-14,0.000737496478935284,0.0255196942410199,0.0042890999367402,0.0196264917034181,0.0120413013209153,0.00846565924851017
2016-07-15,0.00178887883097989,-0.00270328626183103,-0.000744610176696359,-0.000101254619828239,0.00500678919726649,-0.00634246312181608
2016-07-18,-0.00315892977570531,0.00539928446433358,0.00482999043875498,0.0105736166601869,0.0103191659060555,0.00607904591570829
2016-07-19,-0.00369801668501246,-0.0049483010694451,-0.0162544214520648,0.000400607064666936,-0.00457315471963593,0.00578028416786669
2016-07-20,-0.00573250639092393,0.00270215987696698,0.0517546622076206,0.000900731319168457,0.0112051460496274,0.0189444876783149
2016-07-21,-0.000852084246686147,-0.00767499979661368,-0.00196938995367635,-0.00531621976109964,-0.0085349250542861,-0.00128627670467729
2016-07-22,0.00170343214205726,0.00384481749256471,0.0137049517170214,-0.00777424131747839,0.0117403189741352,0.0135500732709763
2016-07-25,-0.0194410845053801,-0.00588632578637682,0.00282435831857786,-0.0134696744883716,0.00281984874695551,-0.0272861455019204
2016-07-26,-0.00729332037871888,0.00249462661623356,0.00052865109031508,-0.00690686630473447,0.00505571909913893,0.0114167823203171
2016-07-27,-0.00679673324286156,0.00316597839271582,-0.0100930365936502,0.0629403109078321,0.00167957554357567,-0.00258326164279188
2016-07-28,-0.00784065288485447,-0.00113359160819027,0.000355875968578445,0.0134113531287756,0.000745525062576746,-0.00362788685026016
2016-07-29,-0.0139550033651838,-0.00614406697866032,0.0083267609047315,-0.00124667657879574,0,-0.00860391187736553
2016-08-01,-0.0353563172224538,-0.0089420101270612,-0.00176581512236851,0.017502624603579,-0.000372645674690197,0.0158465458034724
2016-08-02,0.0136497277358547,-0.0099525596519503,0,-0.0149150156969196,-0.00973974700250491,-0.00594544863589519
2016-08-03,0.0051566809075263,0.0207189100001517,0.0068692362268159,0.0124603083062276,0.00563063493324778,-0.00467778925588069
2016-08-04,-0.000114242413017607,-0.00113983976688203,0.00734521784560993,0.00615853783521025,0.00112236668910315,0.0137112229660858
2016-08-05,0.000914007951617002,0.0419892155634241,0.00988303489024123,0.0150928619582187,0.00280029463240217,0.001797048359367
2016-08-08,0.0116947007735657,0.00523556888988663,0.00172389599801814,0.00824650930552107,-0.000746018034812668,0.00639143137585174
2016-08-09,0.00124091710621421,-0.001306280825081,0.00240837105289238,0.00405189973848596,-0.00392559454298125,0
2016-08-10,-0.0176649856778344,-0.00985231033362144,-0.00309757638820773,-0.00747199888128591,0.00112320712982417,0.0174312354095694
2016-08-11,0.00358109508845139,0.00614168611695387,0.00481429965837865,-0.000648350776682349,0.00354840544796975,0.0330079226893609
2016-08-12,0.0129462469981343,-0.00328545239186573,-0.00619411938983383,0.00231363482375269,-0.0247252004981244,0.0396679253978349
2016-08-15,-0.000455429344549785,0.017614841069554,0.00310186434445114,0.0119454114143149,0.00875194447217753,-0.00630771883375614
2016-08-16,0.00125192615392056,0.00494570468307653,-0.00555558137221457,-0.00091388419190519,-0.00817885597333445,-0.00422724913195172
2016-08-17,0.00215874888755518,0.000214507732768876,0.00208700120937433,-0.00146382841491821,0.00533333089450316,0.00493014245716461
2016-08-18,0.00903862287026147,-0.0027918065239847,0.000694629947960657,-0.00128263312200438,0.0111458561977398,0.0046729289002343
2016-08-19,-0.0125631238890556,0.00064491526025634,0.000347178061834263,0.00256362320347669,0.00356304504264227,0.00279325128556751
2016-08-22,0.00216160346790506,0.00279003069840655,0.000867356719751022,-0.00780284276963616,0.00149648275803926,-0.011690570365837
2016-08-23,-0.00307321189289134,-0.00150133860308044,0.00380756937060678,0.00312841548258902,0.00521996326054452,0.00187965285321967
2016-08-24,0.00341408732690685,0.00150133860308044,0.00103594224916126,-0.00756181499977071,-0.00316599430671216,-0.0163297443899868
2016-08-25,-0.00638247981801232,0.00128510392200276,0.00378913711764461,-0.00426716130374505,0.00761872508649031,0.0028591632875159
2016-08-26,-0.00217482179725081,0.00831293591508997,-0.00240962951236412,-0.00587383847587564,-0.00724572557410053,0.00569398935420251
2016-08-29,0.00651022275759239,0.00317894098097415,0.00120554054530508,-0.00112278612032046,0.00927996177173185,-0.000236649716865767
2016-08-30,-0.00364963703225474,0.0134512857816182,-0.00362099039974684,-0.00770607423420167,-0.0025897091610374,0.00754374157390814
2016-08-31,-0.00435128704614485,-0.00334587557729815,-0.00745560797751565,0.000942935153642743,-0.00650382397055971,0.00398448894702819
2016-09-01,-0.00344871831963189,-0.00799164581279221,0.00225991355274502,0.00592028052961346,0.00297840573824626,0.00420168685370026
2016-09-02,0.00665676914635061,0.00316216555557425,0.00138812505416386,0.00932581394421561,0.00703837647271621,0.00811972919639592
2016-09-06,0.0130691291140854,-0.00464129731461638,-0.00104090431213333,-0.00027856976592755,-0.00518132515662284,0.0325065564466627
2016-09-07,-0.00373284103569116,0.00400968907087407,0.000867524761266836,0.00610946915636656,0,-0.00808450421976925
2016-09-08,0.00913768775206503,0.00650786059033992,-0.0039968778754389,-0.0265585467643898,0.00720956010635376,0.000225521365238901
2016-09-09,-0.0251307449768099,-0.0130583723414923,-0.0214721533431064,-0.0229101780736514,-0.0163420744756357,-0.0330003138608235
2016-09-12,0.00516861592470619,0.0130583723414923,0.0148333899418063,0.0221517956857511,-0.00940565180995367,0.0125030806544451
2016-09-13,-0.0241171260171171,-0.0183724322727943,-0.00915660242374106,0.0235260300853337,-0.0165796840027106,-0.00971101273088992
2016-09-14,-0.00718454164325522,-0.00362974754176859,-0.00478768325287593,0.0347750302059602,0.00651220304163491,0.00971101273088992
2016-09-15,0.0056577623340246,0.00703408378266124,0.0163952569085399,0.0334332518827845,0.00893282307460108,0.0121214290068865
2016-09-16,-0.0124181451845375,-0.0143333881563654,0.00104861545473423,-0.00564018893305729,-0.00246277386721738,-0.0073010591260676
2016-09-19,-0.00238289994297336,0.00387098247341999,-0.00560519329645448,-0.0117287711278999,0.00548563355284859,-0.0110523578803363
2016-09-20,-0.015507924226088,-0.00107374787550718,-0.00211004954571337,-8.80655720392198e-05,-0.00833494220958952,-0.00930451002043053
2016-09-21,0.0091655452141568,0.00770553701274013,0.016584074880762,-0.000176083291834495,0.00322860381250001,0.0310619243747308
2016-09-22,0.00287698674582515,0.00446758930294022,0.00103825511745548,0.0093790315684954,-0.00341880800325844,0.000226594176679473
2016-09-23,-0.00107796129478022,0.000848730378238738,-0.00676791044140668,-0.0168041907164147,-0.00610688280912353,-0.0310548931268166
2016-09-26,-0.00468439893717321,-0.0270868281145042,-0.00927145178984468,0.00150714569388999,-0.00210789128466615,-0.0119874040926158
2016-09-27,0.00216475826328644,0.0104054677080501,0.0182852208359181,0.00185864179989448,0.00840497828454811,0.0252172596592128
2016-09-28,0.0430300808113806,0.0107251076192472,0.00137950760528049,0.00757580664233348,0.00421298136062775,0.00735128528494977
2016-09-29,-0.00507618668793519,-0.0230937066872059,-0.0109157683257433,-0.0156550047697088,-0.0115319724542982,-0.0259694402347508
2016-09-30,0.0094394648216829,0.0307451983417644,0.00347821431910944,0.0077254964583604,0.00193128666865094,0.0123731708659278
2016-10-03,-0.00263862296027639,-0.00424359409352659,-0.0031298973636753,-0.00469927320984365,0.0113189994203431,0.000695883139480546
2016-10-04,-0.00923264569386273,0.0151933886274565,-0.0031396536069952,0.00425686515291801,-0.0107403730348943,0.00115859124119222
2016-10-05,0.00865806376068612,0.0186727682128871,0.00696376903140639,0.000442408056925636,0.0160676756064384,0.0121994609105016
2016-10-06,0.000459668561679116,0.00859600839629771,0.00173344836378941,0.00740283912590911,0.0167470185057517,-0.000686554560513475
2016-10-07,-0.00345267560750617,0.00427044258930831,0.00103856193521423,0.00149154198176582,-0.0112592454901068,-0.0105869572204735
2016-10-10,0.0194092633229124,0.0054639657840152,0.00414366963170743,0.0172965560128082,0.0103258096935619,0.0160663774477574
2016-10-11,-0.00794650822070331,-0.0113660282060177,-0.0147534128055442,0.00215192416387566,-0.0003736334856419,-0.0286393252303809
2016-10-12,-0.00697664970924983,-0.00593718632392282,-0.0013997838506743,0.00890258286789258,-0.00580909056330192,-0.00752588209317073
2016-10-13,-0.00656343558754546,-0.00473397038894241,-0.00333249857108786,-0.00307266328882339,-0.00565397153684799,-0.0176237474018039
2016-10-14,-0.000231035318324579,0.00288421699792663,0.0087458998721841,0.00554108042946222,0.00884380593464584,-0.00433422311862453
2016-10-17,0,-0.000205790130958228,-0.00348913687149111,-0.000680280404562694,-0.00714425536913943,0.00841052656903996
2016-10-18,0.0026541524117869,0.00799272984589683,0.0076601894658852,-0.00068081224996952,0.0129348237898479,-0.00263570294388193
2016-10-19,0.0045993130741282,0.00995231698165933,-0.00225716690095457,-0.00298392283326798,0.00446018521985492,0.0248798522108222
2016-10-20,0.000458772326783041,0.00201902257470987,-0.00487888768912725,-0.000512470913149876,-0.00204176921395316,-0.00822467321974507
2016-10-21,-0.00678821682288433,-0.000201763571793467,0.0412341341879667,-0.00393733526861695,0.00518900962110491,-0.00496755610480193
2016-10-24,0.00334236510511143,0.000201763571793467,0.022212091103869,0.00896486667827112,0.00258451676146709,0.00991046360373549
2016-10-25,-0.00218858814642164,0.000201641711609746,-0.000163930558306546,0.00508690091163722,-0.00239964815224303,-0.000939652417501602
2016-10-26,0.00425747929452402,0.00843375266300406,-0.00592010419541289,-0.0227516190887771,-0.00648936081811557,-0.0111072155596501
2016-10-27,-0.00195389960492598,-0.00160092698541892,-0.0087800082400431,-0.00964925173674036,0.0147713700455792,-0.00500305981036719
2016-10-28,-0.024928475764221,-0.00743795404054559,-0.00383429720629369,-0.00666086726465398,-0.0117996039400858,-0.00215182395408098
2016-10-31,-0.0173710354420642,-0.00830718920048135,0.000834773824850643,-0.00158408463846715,-0.00204207343281171,-0.00552023495945386
2016-11-01,0.00395282806912167,-0.00428186445409695,-0.00200465283490736,-0.0182203308415136,-0.000557726870576758,-0.00530882031942914
2016-11-02,-0.00239383531998882,-0.00820680762624093,-0.00620648511023525,0.00089653293575509,-0.00335258963100493,-0.0158521057342798
2016-11-03,0.00251340539142753,-0.00393502380748645,-0.00370873825911477,-0.0107765956847494,-0.00636349027536554,-0.0111235852186624
2016-11-04,-0.00107641421914373,-0.000415111932619006,-0.00848037484175634,-0.00905484511469101,-0.00244378066125428,0.00124205706244762
2016-11-07,0.022246776041138,0.0336801117662793,0.0287101031156167,0.0143218549109418,0.00973973751380353,0.0189357685137566
2016-11-08,0.00717606015859928,0.00180487191320555,0.00082724506906473,0.0058698315987975,-0.00410911224479316,0.00267609942794778
2016-11-09,0.0109584057329206,0.0331064858704271,-0.00497353100687903,-0.00162206073887994,0.00820131521179945,0.00121401011892219
2016-11-10,0.00923264531602896,0.0384077674490064,-0.0247341251871758,-0.028263610210721,0.00518429906148832,-0.0258094457012974
2016-11-11,-0.01598001338846,-0.0146563795540029,0.00543663664067218,0.00591990246793817,-0.00927650202849462,0.00645318711154497
2016-11-14,-0.00456274442716076,0.0344187809051677,-0.0153665517771167,-0.0254053160740515,-0.00354780836818014,-0.0281001690650959
2016-11-15,0.0178970656105566,0.0139837023110774,0.0195546474843651,0.0131568632509138,-0.00543941430920558,0.022891202609824
2016-11-16,-0.012400918712455,-0.0148985267770625,0.0131625638198996,0.0265330865140401,0.000188101856838152,0.018968446771007
2016-11-17,-0.00608256434520982,0.0148985267770625,0.0164605710873333,-0.000363741737078094,0.00337902261907219,0.0114037628960024
2016-11-18,0.00058641744710819,0.000180300093989061,-0.00479381933234446,0.000999953333624681,-0.0024392709195542,-0.00629242153650456
2016-11-21,0.0140888301417279,0.00144146638940956,0.00841523427084923,0.0150596307275768,0.0143619169677969,-0.00194405893548311
2016-11-22,0.00219440717075603,0.0100322870502625,0.00426297981252954,0.00062630678164588,0.0060925478861793,-0.00243553459939472
2016-11-23,0.00276495207646299,0.0104620197681697,-0.0118500017205383,-0.00511142750774063,-0.0047971081229492,-0.00121993431818401
2016-11-25,0.00229837257645382,0.00158632121001645,0.00214996129446376,0.00502195858756327,0.00203235702639848,-0.00219968320882913
2016-11-28,-0.00748895512590231,-0.0233417725880161,0.0013208205683064,-0.00196992106516092,0.00258063115521034,0.0140916325983955
2016-11-29,-0.00661370300936426,0.000900977227311195,0.00788828176183909,-0.000986422172524648,-0.0060935985016366,0.00361221348353702
2016-11-30,0.0161666542022143,0.0155484945915729,-0.013679695502768,-0.00846929902001481,0.0315402949319092,-0.0140403665460584
2016-12-01,-0.000687587148449076,0.0154851069673132,-0.01774695041785,-0.00936327366301626,0.00697487578978073,-0.0344733202084821
2016-12-02,-0.00229512646315744,-0.0220681427793297,0.000844226207759036,0.00373767638266553,-0.0123735566805774,0.0110414922123008
2016-12-05,0.00504244683625199,0.0222427135663263,0.0162387630099587,-0.00721432582690262,0.0114820798195989,0.00323909585254345
2016-12-06,0.000914006530420508,0.0111112245545035,-0.00449364171104083,0.00766914344228375,0.00285001545011188,-0.00573782275860069
2016-12-07,0.00580770613131421,0.0194911835125851,0.0234101997808143,0.00977472928790135,0.012022779825462,0.0136664816384866
2016-12-08,0.00283463337001955,0.0182875571785539,-0.00588333711371636,0.00976933062066632,0.00927145215043179,0.0217267181769931
2016-12-09,0.00766978344432978,-0.00183043568874997,0.0156126597984603,0.0161899748864753,0.00486362480461722,0.00841649812418588
2016-12-12,0.0220033694144028,-0.00819474020234257,0.00322212582821901,-0.00572053430023978,0.00965694166992837,-0.01107641992775
2016-12-13,0.017433422460388,0.00402214557992231,0.0129446642369961,0.0165437694053798,-0.00206149478966644,0.0041078226181952
2016-12-14,-0.0218397031598352,-0.00570279225398096,-0.00477477881097421,0,-0.00846221448179119,-0.0135957664307997
2016-12-15,0.00341652369503898,0.0130349199778932,-0.00159665667135567,0.00545429346533943,0.0118956589012473,-0.0630566895834939
2016-12-16,0.00318559919916162,-0.00800136287619413,-0.00448436512019068,0.00129428842687318,0.00102776291997397,0.0051934938183571
2016-12-19,-0.00837011042479396,-0.00150742705484053,0.0209664653199049,0.00576071660842103,0.00631453617040023,-0.00493323089198183
2016-12-20,0.000110606885113995,0.0189279972782934,-0.001258227056951,0.00265420098570157,0.000340204131930477,0.0190777123781212
2016-12-21,-0.0016601321169496,-0.000822685790611288,0,0.000940138199147178,0.00475064272721593,-0.000255344139930447
2016-12-22,0.00651399684412013,-0.0042889901259402,0.000157341240511144,-0.00659951804985326,-0.00560133585467071,-0.0167422322286406
2016-12-23,-0.00176234023442312,0.00823184230508289,-0.00488995433054296,0.00197581662478452,0.0023989045088868,0.00414723248644622
2016-12-27,0.000440873536899922,0.00163826143330237,0.000632264025732354,0.00633080659367202,-0.000171193841602246,0.00670273215015671
2016-12-28,-0.00497097444837546,-0.0173371682705845,-0.00459328454270302,-0.00427314061037087,-0.00894084360347946,-0.00489371240368097
2016-12-29,0.000553501461583394,-0.0110535376321792,-0.00142982528014723,-0.000256957461886032,-0.00832477925941522,-0.00232651006226092
2016-12-30,-0.000996583692933761,0.000841658581579807,-0.0121562875712309,-0.00782635131648934,-0.00348913476347779,0.000776070435125398
